--------------------------------------------------------
--  File created - wtorek-maja-20-2025   
--------------------------------------------------------
--------------------------------------------------------
--  DDL for Table ARCHIWUM_REZERWACJI
--------------------------------------------------------

  CREATE TABLE "INF2NS_LASZCZW"."ARCHIWUM_REZERWACJI" 
   (	"ID_REZ" NUMBER, 
	"ID_SEANS" NUMBER, 
	"IMIE" VARCHAR2(50 BYTE), 
	"NAZWISKO" VARCHAR2(50 BYTE), 
	"EMAIL" VARCHAR2(100 BYTE), 
	"LICZBA_MIEJSC" NUMBER, 
	"DATA_REZERWACJI" DATE
   ) SEGMENT CREATION IMMEDIATE 
  PCTFREE 10 PCTUSED 40 INITRANS 1 MAXTRANS 255 
 NOCOMPRESS LOGGING
  STORAGE(INITIAL 65536 NEXT 1048576 MINEXTENTS 1 MAXEXTENTS 2147483645
  PCTINCREASE 0 FREELISTS 1 FREELIST GROUPS 1
  BUFFER_POOL DEFAULT FLASH_CACHE DEFAULT CELL_FLASH_CACHE DEFAULT)
  TABLESPACE "USERS" ;
--------------------------------------------------------
--  DDL for Table ARCHIWUM_SEANSOW
--------------------------------------------------------

  CREATE TABLE "INF2NS_LASZCZW"."ARCHIWUM_SEANSOW" 
   (	"ID_SEANS" NUMBER, 
	"ID_FILM" NUMBER, 
	"ID_SALA" NUMBER, 
	"DATA_GODZINA" DATE, 
	"CENA_BILETU" NUMBER(6,2)
   ) SEGMENT CREATION IMMEDIATE 
  PCTFREE 10 PCTUSED 40 INITRANS 1 MAXTRANS 255 
 NOCOMPRESS LOGGING
  STORAGE(INITIAL 65536 NEXT 1048576 MINEXTENTS 1 MAXEXTENTS 2147483645
  PCTINCREASE 0 FREELISTS 1 FREELIST GROUPS 1
  BUFFER_POOL DEFAULT FLASH_CACHE DEFAULT CELL_FLASH_CACHE DEFAULT)
  TABLESPACE "USERS" ;
--------------------------------------------------------
--  DDL for Table FILM
--------------------------------------------------------

  CREATE TABLE "INF2NS_LASZCZW"."FILM" 
   (	"ID_FILM" NUMBER GENERATED BY DEFAULT AS IDENTITY MINVALUE 1 MAXVALUE 9999999999999999999999999999 INCREMENT BY 1 START WITH 1 CACHE 20 NOORDER  NOCYCLE  NOKEEP  NOSCALE , 
	"TYTUL" VARCHAR2(100 BYTE), 
	"GATUNEK" VARCHAR2(50 BYTE), 
	"CZY_3D" CHAR(1 BYTE), 
	"CZY_DUBBING" CHAR(1 BYTE), 
	"CZAS_TRWANIA" NUMBER
   ) SEGMENT CREATION IMMEDIATE 
  PCTFREE 10 PCTUSED 40 INITRANS 1 MAXTRANS 255 
 NOCOMPRESS LOGGING
  STORAGE(INITIAL 65536 NEXT 1048576 MINEXTENTS 1 MAXEXTENTS 2147483645
  PCTINCREASE 0 FREELISTS 1 FREELIST GROUPS 1
  BUFFER_POOL DEFAULT FLASH_CACHE DEFAULT CELL_FLASH_CACHE DEFAULT)
  TABLESPACE "USERS" ;
--------------------------------------------------------
--  DDL for Table KINO
--------------------------------------------------------

  CREATE TABLE "INF2NS_LASZCZW"."KINO" 
   (	"ID_KINO" NUMBER GENERATED BY DEFAULT AS IDENTITY MINVALUE 1 MAXVALUE 9999999999999999999999999999 INCREMENT BY 1 START WITH 1 CACHE 20 NOORDER  NOCYCLE  NOKEEP  NOSCALE , 
	"NAZWA" VARCHAR2(100 BYTE), 
	"ADRES" VARCHAR2(200 BYTE), 
	"TELEFON" VARCHAR2(20 BYTE)
   ) SEGMENT CREATION IMMEDIATE 
  PCTFREE 10 PCTUSED 40 INITRANS 1 MAXTRANS 255 
 NOCOMPRESS LOGGING
  STORAGE(INITIAL 65536 NEXT 1048576 MINEXTENTS 1 MAXEXTENTS 2147483645
  PCTINCREASE 0 FREELISTS 1 FREELIST GROUPS 1
  BUFFER_POOL DEFAULT FLASH_CACHE DEFAULT CELL_FLASH_CACHE DEFAULT)
  TABLESPACE "USERS" ;
--------------------------------------------------------
--  DDL for Table LOG_OPERACJI
--------------------------------------------------------

  CREATE TABLE "INF2NS_LASZCZW"."LOG_OPERACJI" 
   (	"ID_LOG" NUMBER GENERATED BY DEFAULT AS IDENTITY MINVALUE 1 MAXVALUE 9999999999999999999999999999 INCREMENT BY 1 START WITH 1 CACHE 20 NOORDER  NOCYCLE  NOKEEP  NOSCALE , 
	"NAZWA_TABELI" VARCHAR2(50 BYTE), 
	"OPERACJA" VARCHAR2(10 BYTE), 
	"UZYTKOWNIK" VARCHAR2(30 BYTE), 
	"DATA_CZAS" DATE DEFAULT SYSDATE, 
	"OPIS" VARCHAR2(4000 BYTE)
   ) SEGMENT CREATION IMMEDIATE 
  PCTFREE 10 PCTUSED 40 INITRANS 1 MAXTRANS 255 
 NOCOMPRESS LOGGING
  STORAGE(INITIAL 65536 NEXT 1048576 MINEXTENTS 1 MAXEXTENTS 2147483645
  PCTINCREASE 0 FREELISTS 1 FREELIST GROUPS 1
  BUFFER_POOL DEFAULT FLASH_CACHE DEFAULT CELL_FLASH_CACHE DEFAULT)
  TABLESPACE "USERS" ;
--------------------------------------------------------
--  DDL for Table REZERWACJA
--------------------------------------------------------

  CREATE TABLE "INF2NS_LASZCZW"."REZERWACJA" 
   (	"ID_REZ" NUMBER GENERATED BY DEFAULT AS IDENTITY MINVALUE 1 MAXVALUE 9999999999999999999999999999 INCREMENT BY 1 START WITH 1 CACHE 20 NOORDER  NOCYCLE  NOKEEP  NOSCALE , 
	"ID_SEANS" NUMBER, 
	"IMIE" VARCHAR2(50 BYTE), 
	"NAZWISKO" VARCHAR2(50 BYTE), 
	"EMAIL" VARCHAR2(100 BYTE), 
	"LICZBA_MIEJSC" NUMBER, 
	"DATA_REZERWACJI" DATE DEFAULT SYSDATE
   ) SEGMENT CREATION IMMEDIATE 
  PCTFREE 10 PCTUSED 40 INITRANS 1 MAXTRANS 255 
 NOCOMPRESS LOGGING
  STORAGE(INITIAL 65536 NEXT 1048576 MINEXTENTS 1 MAXEXTENTS 2147483645
  PCTINCREASE 0 FREELISTS 1 FREELIST GROUPS 1
  BUFFER_POOL DEFAULT FLASH_CACHE DEFAULT CELL_FLASH_CACHE DEFAULT)
  TABLESPACE "USERS" ;
--------------------------------------------------------
--  DDL for Table SALA
--------------------------------------------------------

  CREATE TABLE "INF2NS_LASZCZW"."SALA" 
   (	"ID_SALA" NUMBER GENERATED BY DEFAULT AS IDENTITY MINVALUE 1 MAXVALUE 9999999999999999999999999999 INCREMENT BY 1 START WITH 1 CACHE 20 NOORDER  NOCYCLE  NOKEEP  NOSCALE , 
	"ID_KINO" NUMBER, 
	"NAZWA" VARCHAR2(50 BYTE), 
	"LICZBA_MIEJSC" NUMBER
   ) SEGMENT CREATION IMMEDIATE 
  PCTFREE 10 PCTUSED 40 INITRANS 1 MAXTRANS 255 
 NOCOMPRESS LOGGING
  STORAGE(INITIAL 65536 NEXT 1048576 MINEXTENTS 1 MAXEXTENTS 2147483645
  PCTINCREASE 0 FREELISTS 1 FREELIST GROUPS 1
  BUFFER_POOL DEFAULT FLASH_CACHE DEFAULT CELL_FLASH_CACHE DEFAULT)
  TABLESPACE "USERS" ;
--------------------------------------------------------
--  DDL for Table SEANS
--------------------------------------------------------

  CREATE TABLE "INF2NS_LASZCZW"."SEANS" 
   (	"ID_SEANS" NUMBER GENERATED BY DEFAULT AS IDENTITY MINVALUE 1 MAXVALUE 9999999999999999999999999999 INCREMENT BY 1 START WITH 1 CACHE 20 NOORDER  NOCYCLE  NOKEEP  NOSCALE , 
	"ID_FILM" NUMBER, 
	"ID_SALA" NUMBER, 
	"DATA_GODZINA" DATE, 
	"CENA_BILETU" NUMBER(6,2)
   ) SEGMENT CREATION IMMEDIATE 
  PCTFREE 10 PCTUSED 40 INITRANS 1 MAXTRANS 255 
 NOCOMPRESS LOGGING
  STORAGE(INITIAL 65536 NEXT 1048576 MINEXTENTS 1 MAXEXTENTS 2147483645
  PCTINCREASE 0 FREELISTS 1 FREELIST GROUPS 1
  BUFFER_POOL DEFAULT FLASH_CACHE DEFAULT CELL_FLASH_CACHE DEFAULT)
  TABLESPACE "USERS" ;
--------------------------------------------------------
--  DDL for Table ZESTAWIENIA_SEANSOW_MIESIECZNE
--------------------------------------------------------

  CREATE TABLE "INF2NS_LASZCZW"."ZESTAWIENIA_SEANSOW_MIESIECZNE" 
   (	"ROK" NUMBER, 
	"MIESIAC" NUMBER, 
	"LICZBA_SEANSOW" NUMBER, 
	"SREDNIA_CENA" NUMBER(10,2), 
	"ESTYMOWANY_ZYSK" NUMBER(12,2), 
	"FAKTYCZNY_ZYSK" NUMBER(12,2)
   ) SEGMENT CREATION IMMEDIATE 
  PCTFREE 10 PCTUSED 40 INITRANS 1 MAXTRANS 255 
 NOCOMPRESS LOGGING
  STORAGE(INITIAL 65536 NEXT 1048576 MINEXTENTS 1 MAXEXTENTS 2147483645
  PCTINCREASE 0 FREELISTS 1 FREELIST GROUPS 1
  BUFFER_POOL DEFAULT FLASH_CACHE DEFAULT CELL_FLASH_CACHE DEFAULT)
  TABLESPACE "USERS" ;
--------------------------------------------------------
--  DDL for Table ZESTAWIENIA_MIESIECZNE
--------------------------------------------------------

  CREATE TABLE "INF2NS_LASZCZW"."ZESTAWIENIA_MIESIECZNE" 
   (	"ROK" NUMBER, 
	"MIESIAC" NUMBER, 
	"LICZBA_BILETOW" NUMBER
   ) SEGMENT CREATION IMMEDIATE 
  PCTFREE 10 PCTUSED 40 INITRANS 1 MAXTRANS 255 
 NOCOMPRESS LOGGING
  STORAGE(INITIAL 65536 NEXT 1048576 MINEXTENTS 1 MAXEXTENTS 2147483645
  PCTINCREASE 0 FREELISTS 1 FREELIST GROUPS 1
  BUFFER_POOL DEFAULT FLASH_CACHE DEFAULT CELL_FLASH_CACHE DEFAULT)
  TABLESPACE "USERS" ;
--------------------------------------------------------
--  DDL for Table TEMP_SEANSE
--------------------------------------------------------

  CREATE TABLE "INF2NS_LASZCZW"."TEMP_SEANSE" 
   (	"ID_SEANS" NUMBER, 
	"ID_FILM" NUMBER, 
	"ID_SALA" NUMBER, 
	"DATA_GODZINA" DATE, 
	"CENA_BILETU" NUMBER(6,2)
   ) SEGMENT CREATION IMMEDIATE 
  PCTFREE 10 PCTUSED 40 INITRANS 1 MAXTRANS 255 
 NOCOMPRESS LOGGING
  STORAGE(INITIAL 65536 NEXT 1048576 MINEXTENTS 1 MAXEXTENTS 2147483645
  PCTINCREASE 0 FREELISTS 1 FREELIST GROUPS 1
  BUFFER_POOL DEFAULT FLASH_CACHE DEFAULT CELL_FLASH_CACHE DEFAULT)
  TABLESPACE "USERS" ;
REM INSERTING into INF2NS_LASZCZW.ARCHIWUM_REZERWACJI
SET DEFINE OFF;
Insert into INF2NS_LASZCZW.ARCHIWUM_REZERWACJI (ID_REZ,ID_SEANS,IMIE,NAZWISKO,EMAIL,LICZBA_MIEJSC,DATA_REZERWACJI) values ('24','2','WOJCIECH','ŁASZCZ','162865@student.uwm.edu.pl','16',to_date('25/05/20','RR/MM/DD'));
REM INSERTING into INF2NS_LASZCZW.ARCHIWUM_SEANSOW
SET DEFINE OFF;
Insert into INF2NS_LASZCZW.ARCHIWUM_SEANSOW (ID_SEANS,ID_FILM,ID_SALA,DATA_GODZINA,CENA_BILETU) values ('23','4','3',to_date('25/05/30','RR/MM/DD'),null);
Insert into INF2NS_LASZCZW.ARCHIWUM_SEANSOW (ID_SEANS,ID_FILM,ID_SALA,DATA_GODZINA,CENA_BILETU) values ('21','19','1',to_date('25/05/29','RR/MM/DD'),'20');
REM INSERTING into INF2NS_LASZCZW.FILM
SET DEFINE OFF;
Insert into INF2NS_LASZCZW.FILM (ID_FILM,TYTUL,GATUNEK,CZY_3D,CZY_DUBBING,CZAS_TRWANIA) values ('1','Avengers: Endgame','Akcja','Y','N','181');
Insert into INF2NS_LASZCZW.FILM (ID_FILM,TYTUL,GATUNEK,CZY_3D,CZY_DUBBING,CZAS_TRWANIA) values ('2','Shrek','Bajka','N','Y','90');
Insert into INF2NS_LASZCZW.FILM (ID_FILM,TYTUL,GATUNEK,CZY_3D,CZY_DUBBING,CZAS_TRWANIA) values ('3','Matrix','Science-fiction','Y','N','136');
Insert into INF2NS_LASZCZW.FILM (ID_FILM,TYTUL,GATUNEK,CZY_3D,CZY_DUBBING,CZAS_TRWANIA) values ('4','Titanic','Romans','N','Y','195');
Insert into INF2NS_LASZCZW.FILM (ID_FILM,TYTUL,GATUNEK,CZY_3D,CZY_DUBBING,CZAS_TRWANIA) values ('5','Incepcja','Thriller','Y','N','148');
Insert into INF2NS_LASZCZW.FILM (ID_FILM,TYTUL,GATUNEK,CZY_3D,CZY_DUBBING,CZAS_TRWANIA) values ('6','Barbie','Animacja','N','Y','114');
Insert into INF2NS_LASZCZW.FILM (ID_FILM,TYTUL,GATUNEK,CZY_3D,CZY_DUBBING,CZAS_TRWANIA) values ('7','Top Gun: Maverick','Akcja','Y','N','131');
Insert into INF2NS_LASZCZW.FILM (ID_FILM,TYTUL,GATUNEK,CZY_3D,CZY_DUBBING,CZAS_TRWANIA) values ('8','Kraina lodu 2','Animacja','N','Y','103');
Insert into INF2NS_LASZCZW.FILM (ID_FILM,TYTUL,GATUNEK,CZY_3D,CZY_DUBBING,CZAS_TRWANIA) values ('9','Avatar: Istota wody','Fantasy','Y','N','192');
Insert into INF2NS_LASZCZW.FILM (ID_FILM,TYTUL,GATUNEK,CZY_3D,CZY_DUBBING,CZAS_TRWANIA) values ('10','Forrest Gump','Dramat','N','Y','142');
Insert into INF2NS_LASZCZW.FILM (ID_FILM,TYTUL,GATUNEK,CZY_3D,CZY_DUBBING,CZAS_TRWANIA) values ('11','Interstellar','Science-fiction','Y','N','169');
Insert into INF2NS_LASZCZW.FILM (ID_FILM,TYTUL,GATUNEK,CZY_3D,CZY_DUBBING,CZAS_TRWANIA) values ('12','Minionki: Wejście Gru','Animacja','N','Y','87');
Insert into INF2NS_LASZCZW.FILM (ID_FILM,TYTUL,GATUNEK,CZY_3D,CZY_DUBBING,CZAS_TRWANIA) values ('13','John Wick 4','Akcja','Y','N','169');
Insert into INF2NS_LASZCZW.FILM (ID_FILM,TYTUL,GATUNEK,CZY_3D,CZY_DUBBING,CZAS_TRWANIA) values ('14','Toy Story 4','Animacja','N','Y','100');
Insert into INF2NS_LASZCZW.FILM (ID_FILM,TYTUL,GATUNEK,CZY_3D,CZY_DUBBING,CZAS_TRWANIA) values ('15','Coco','Animacja','N','Y','105');
Insert into INF2NS_LASZCZW.FILM (ID_FILM,TYTUL,GATUNEK,CZY_3D,CZY_DUBBING,CZAS_TRWANIA) values ('16','Harry Potter i Kamień Filozoficzny','Fantasy','N','Y','152');
Insert into INF2NS_LASZCZW.FILM (ID_FILM,TYTUL,GATUNEK,CZY_3D,CZY_DUBBING,CZAS_TRWANIA) values ('17','Szybcy i Wściekli 9','Akcja','Y','N','145');
Insert into INF2NS_LASZCZW.FILM (ID_FILM,TYTUL,GATUNEK,CZY_3D,CZY_DUBBING,CZAS_TRWANIA) values ('18','Król Lew (2019)','Animacja','N','Y','118');
Insert into INF2NS_LASZCZW.FILM (ID_FILM,TYTUL,GATUNEK,CZY_3D,CZY_DUBBING,CZAS_TRWANIA) values ('19','Joker','Dramat','N','N','122');
Insert into INF2NS_LASZCZW.FILM (ID_FILM,TYTUL,GATUNEK,CZY_3D,CZY_DUBBING,CZAS_TRWANIA) values ('20','Spider-Man: No Way Home','Akcja','Y','N','148');
REM INSERTING into INF2NS_LASZCZW.KINO
SET DEFINE OFF;
Insert into INF2NS_LASZCZW.KINO (ID_KINO,NAZWA,ADRES,TELEFON) values ('1','Kino Centralne','ul. Główna 10, Warszawa','+48 22 123 45 67');
Insert into INF2NS_LASZCZW.KINO (ID_KINO,NAZWA,ADRES,TELEFON) values ('2','Kino Panorama','ul. Słoneczna 5, Kraków','+48 12 765 43 21');
Insert into INF2NS_LASZCZW.KINO (ID_KINO,NAZWA,ADRES,TELEFON) values ('3','Kino Miejsce','ul. Rynek 1, Wrocław','+48 71 987 65 43');
REM INSERTING into INF2NS_LASZCZW.LOG_OPERACJI
SET DEFINE OFF;
Insert into INF2NS_LASZCZW.LOG_OPERACJI (ID_LOG,NAZWA_TABELI,OPERACJA,UZYTKOWNIK,DATA_CZAS,OPIS) values ('21','REZERWACJA','INSERT','INF2NS_LASZCZW',to_date('25/05/20','RR/MM/DD'),'Dodano rezerwację');
Insert into INF2NS_LASZCZW.LOG_OPERACJI (ID_LOG,NAZWA_TABELI,OPERACJA,UZYTKOWNIK,DATA_CZAS,OPIS) values ('35','REZERWACJA','INSERT','INF2NS_LASZCZW',to_date('25/05/20','RR/MM/DD'),'Dodano rezerwację dla 10 osób na seans 2');
Insert into INF2NS_LASZCZW.LOG_OPERACJI (ID_LOG,NAZWA_TABELI,OPERACJA,UZYTKOWNIK,DATA_CZAS,OPIS) values ('36','REZERWACJA','ERROR','INF2NS_LASZCZW',to_date('25/05/20','RR/MM/DD'),'ORA-20002: Niepoprawny adres e-mail');
Insert into INF2NS_LASZCZW.LOG_OPERACJI (ID_LOG,NAZWA_TABELI,OPERACJA,UZYTKOWNIK,DATA_CZAS,OPIS) values ('39','SEANS','ERROR','INF2NS_LASZCZW',to_date('25/05/20','RR/MM/DD'),'ORA-20001: Sala jest już zajęta w tym terminie.');
Insert into INF2NS_LASZCZW.LOG_OPERACJI (ID_LOG,NAZWA_TABELI,OPERACJA,UZYTKOWNIK,DATA_CZAS,OPIS) values ('40','SEANS','ERROR','INF2NS_LASZCZW',to_date('25/05/20','RR/MM/DD'),'ORA-00001: naruszono więzy unikatowe (INF2NS_LASZCZW.SYS_C00260289)');
Insert into INF2NS_LASZCZW.LOG_OPERACJI (ID_LOG,NAZWA_TABELI,OPERACJA,UZYTKOWNIK,DATA_CZAS,OPIS) values ('1','REZERWACJA','INSERT','INF2NS_LASZCZW',to_date('25/05/19','RR/MM/DD'),'Dodano rezerwację');
Insert into INF2NS_LASZCZW.LOG_OPERACJI (ID_LOG,NAZWA_TABELI,OPERACJA,UZYTKOWNIK,DATA_CZAS,OPIS) values ('23','REZERWACJA','INSERT','INF2NS_LASZCZW',to_date('25/05/20','RR/MM/DD'),'Dodano rezerwację');
Insert into INF2NS_LASZCZW.LOG_OPERACJI (ID_LOG,NAZWA_TABELI,OPERACJA,UZYTKOWNIK,DATA_CZAS,OPIS) values ('25','REZERWACJA','INSERT','INF2NS_LASZCZW',to_date('25/05/20','RR/MM/DD'),'Dodano rezerwację');
Insert into INF2NS_LASZCZW.LOG_OPERACJI (ID_LOG,NAZWA_TABELI,OPERACJA,UZYTKOWNIK,DATA_CZAS,OPIS) values ('72','REZERWACJA','DELETE','INF2NS_LASZCZW',to_date('25/05/20','RR/MM/DD'),'Seans przeniesiony do archiwum');
Insert into INF2NS_LASZCZW.LOG_OPERACJI (ID_LOG,NAZWA_TABELI,OPERACJA,UZYTKOWNIK,DATA_CZAS,OPIS) values ('33','REZERWACJA','ERROR','INF2NS_LASZCZW',to_date('25/05/20','RR/MM/DD'),'ORA-20001: Brak dostępnych miejsc');
Insert into INF2NS_LASZCZW.LOG_OPERACJI (ID_LOG,NAZWA_TABELI,OPERACJA,UZYTKOWNIK,DATA_CZAS,OPIS) values ('41','SEANS','INSERT','INF2NS_LASZCZW',to_date('25/05/20','RR/MM/DD'),'Dodano nowy seans filmu 5 na sali 2');
Insert into INF2NS_LASZCZW.LOG_OPERACJI (ID_LOG,NAZWA_TABELI,OPERACJA,UZYTKOWNIK,DATA_CZAS,OPIS) values ('42','SEANS','INSERT','INF2NS_LASZCZW',to_date('25/05/20','RR/MM/DD'),'Dodano nowy seans filmu 1 na sali 1');
Insert into INF2NS_LASZCZW.LOG_OPERACJI (ID_LOG,NAZWA_TABELI,OPERACJA,UZYTKOWNIK,DATA_CZAS,OPIS) values ('43','SEANS','ERROR','INF2NS_LASZCZW',to_date('25/05/20','RR/MM/DD'),'ORA-20003: Sala jest już zajęta w tym terminie.');
Insert into INF2NS_LASZCZW.LOG_OPERACJI (ID_LOG,NAZWA_TABELI,OPERACJA,UZYTKOWNIK,DATA_CZAS,OPIS) values ('44','SEANS','ERROR','INF2NS_LASZCZW',to_date('25/05/20','RR/MM/DD'),'ORA-20003: Sala jest już zajęta w tym terminie.');
Insert into INF2NS_LASZCZW.LOG_OPERACJI (ID_LOG,NAZWA_TABELI,OPERACJA,UZYTKOWNIK,DATA_CZAS,OPIS) values ('45','SEANS','ERROR','INF2NS_LASZCZW',to_date('25/05/20','RR/MM/DD'),'ORA-20003: Sala jest już zajęta w tym terminie.');
Insert into INF2NS_LASZCZW.LOG_OPERACJI (ID_LOG,NAZWA_TABELI,OPERACJA,UZYTKOWNIK,DATA_CZAS,OPIS) values ('46','SEANS','ERROR','INF2NS_LASZCZW',to_date('25/05/20','RR/MM/DD'),'ORA-20003: Sala jest już zajęta w tym terminie.');
Insert into INF2NS_LASZCZW.LOG_OPERACJI (ID_LOG,NAZWA_TABELI,OPERACJA,UZYTKOWNIK,DATA_CZAS,OPIS) values ('47','SEANS','ERROR','INF2NS_LASZCZW',to_date('25/05/20','RR/MM/DD'),'ORA-20003: Sala jest już zajęta w tym terminie.');
Insert into INF2NS_LASZCZW.LOG_OPERACJI (ID_LOG,NAZWA_TABELI,OPERACJA,UZYTKOWNIK,DATA_CZAS,OPIS) values ('48','SEANS','ERROR','INF2NS_LASZCZW',to_date('25/05/20','RR/MM/DD'),'ORA-20003: Sala jest już zajęta w tym terminie.');
Insert into INF2NS_LASZCZW.LOG_OPERACJI (ID_LOG,NAZWA_TABELI,OPERACJA,UZYTKOWNIK,DATA_CZAS,OPIS) values ('49','SEANS','INSERT','INF2NS_LASZCZW',to_date('25/05/20','RR/MM/DD'),'Dodano nowy seans filmu 4 na sali 1');
Insert into INF2NS_LASZCZW.LOG_OPERACJI (ID_LOG,NAZWA_TABELI,OPERACJA,UZYTKOWNIK,DATA_CZAS,OPIS) values ('50','SEANS','INSERT','INF2NS_LASZCZW',to_date('25/05/20','RR/MM/DD'),'Dodano nowy seans filmu 5 na sali 2');
Insert into INF2NS_LASZCZW.LOG_OPERACJI (ID_LOG,NAZWA_TABELI,OPERACJA,UZYTKOWNIK,DATA_CZAS,OPIS) values ('51','SEANS','INSERT','INF2NS_LASZCZW',to_date('25/05/20','RR/MM/DD'),'Dodano nowy seans filmu 6 na sali 3');
Insert into INF2NS_LASZCZW.LOG_OPERACJI (ID_LOG,NAZWA_TABELI,OPERACJA,UZYTKOWNIK,DATA_CZAS,OPIS) values ('52','SEANS','INSERT','INF2NS_LASZCZW',to_date('25/05/20','RR/MM/DD'),'Dodano nowy seans filmu 7 na sali 1');
Insert into INF2NS_LASZCZW.LOG_OPERACJI (ID_LOG,NAZWA_TABELI,OPERACJA,UZYTKOWNIK,DATA_CZAS,OPIS) values ('53','SEANS','INSERT','INF2NS_LASZCZW',to_date('25/05/20','RR/MM/DD'),'Dodano nowy seans filmu 8 na sali 2');
Insert into INF2NS_LASZCZW.LOG_OPERACJI (ID_LOG,NAZWA_TABELI,OPERACJA,UZYTKOWNIK,DATA_CZAS,OPIS) values ('54','SEANS','INSERT','INF2NS_LASZCZW',to_date('25/05/20','RR/MM/DD'),'Dodano nowy seans filmu 9 na sali 3');
Insert into INF2NS_LASZCZW.LOG_OPERACJI (ID_LOG,NAZWA_TABELI,OPERACJA,UZYTKOWNIK,DATA_CZAS,OPIS) values ('55','SEANS','INSERT','INF2NS_LASZCZW',to_date('25/05/20','RR/MM/DD'),'Dodano nowy seans filmu 10 na sali 1');
Insert into INF2NS_LASZCZW.LOG_OPERACJI (ID_LOG,NAZWA_TABELI,OPERACJA,UZYTKOWNIK,DATA_CZAS,OPIS) values ('56','SEANS','INSERT','INF2NS_LASZCZW',to_date('25/05/20','RR/MM/DD'),'Dodano nowy seans filmu 11 na sali 2');
Insert into INF2NS_LASZCZW.LOG_OPERACJI (ID_LOG,NAZWA_TABELI,OPERACJA,UZYTKOWNIK,DATA_CZAS,OPIS) values ('57','SEANS','INSERT','INF2NS_LASZCZW',to_date('25/05/20','RR/MM/DD'),'Dodano nowy seans filmu 12 na sali 3');
Insert into INF2NS_LASZCZW.LOG_OPERACJI (ID_LOG,NAZWA_TABELI,OPERACJA,UZYTKOWNIK,DATA_CZAS,OPIS) values ('58','SEANS','INSERT','INF2NS_LASZCZW',to_date('25/05/20','RR/MM/DD'),'Dodano nowy seans filmu 13 na sali 1');
Insert into INF2NS_LASZCZW.LOG_OPERACJI (ID_LOG,NAZWA_TABELI,OPERACJA,UZYTKOWNIK,DATA_CZAS,OPIS) values ('59','SEANS','INSERT','INF2NS_LASZCZW',to_date('25/05/20','RR/MM/DD'),'Dodano nowy seans filmu 14 na sali 2');
Insert into INF2NS_LASZCZW.LOG_OPERACJI (ID_LOG,NAZWA_TABELI,OPERACJA,UZYTKOWNIK,DATA_CZAS,OPIS) values ('60','SEANS','INSERT','INF2NS_LASZCZW',to_date('25/05/20','RR/MM/DD'),'Dodano nowy seans filmu 15 na sali 3');
Insert into INF2NS_LASZCZW.LOG_OPERACJI (ID_LOG,NAZWA_TABELI,OPERACJA,UZYTKOWNIK,DATA_CZAS,OPIS) values ('61','SEANS','INSERT','INF2NS_LASZCZW',to_date('25/05/20','RR/MM/DD'),'Dodano nowy seans filmu 16 na sali 1');
Insert into INF2NS_LASZCZW.LOG_OPERACJI (ID_LOG,NAZWA_TABELI,OPERACJA,UZYTKOWNIK,DATA_CZAS,OPIS) values ('62','SEANS','INSERT','INF2NS_LASZCZW',to_date('25/05/20','RR/MM/DD'),'Dodano nowy seans filmu 17 na sali 2');
Insert into INF2NS_LASZCZW.LOG_OPERACJI (ID_LOG,NAZWA_TABELI,OPERACJA,UZYTKOWNIK,DATA_CZAS,OPIS) values ('63','SEANS','INSERT','INF2NS_LASZCZW',to_date('25/05/20','RR/MM/DD'),'Dodano nowy seans filmu 18 na sali 3');
Insert into INF2NS_LASZCZW.LOG_OPERACJI (ID_LOG,NAZWA_TABELI,OPERACJA,UZYTKOWNIK,DATA_CZAS,OPIS) values ('64','SEANS','INSERT','INF2NS_LASZCZW',to_date('25/05/20','RR/MM/DD'),'Dodano nowy seans filmu 19 na sali 1');
Insert into INF2NS_LASZCZW.LOG_OPERACJI (ID_LOG,NAZWA_TABELI,OPERACJA,UZYTKOWNIK,DATA_CZAS,OPIS) values ('65','SEANS','INSERT','INF2NS_LASZCZW',to_date('25/05/20','RR/MM/DD'),'Dodano nowy seans filmu 20 na sali 2');
Insert into INF2NS_LASZCZW.LOG_OPERACJI (ID_LOG,NAZWA_TABELI,OPERACJA,UZYTKOWNIK,DATA_CZAS,OPIS) values ('66','REZERWACJA','INSERT','INF2NS_LASZCZW',to_date('25/05/20','RR/MM/DD'),'Usunięto seans 22');
Insert into INF2NS_LASZCZW.LOG_OPERACJI (ID_LOG,NAZWA_TABELI,OPERACJA,UZYTKOWNIK,DATA_CZAS,OPIS) values ('67','REZERWACJA','ERROR','INF2NS_LASZCZW',to_date('25/05/20','RR/MM/DD'),'ORA-20020: Nowa data seansu koliduje z innym seansem w tej samej sali.');
Insert into INF2NS_LASZCZW.LOG_OPERACJI (ID_LOG,NAZWA_TABELI,OPERACJA,UZYTKOWNIK,DATA_CZAS,OPIS) values ('68','REZERWACJA','ERROR','INF2NS_LASZCZW',to_date('25/05/20','RR/MM/DD'),'Przesunięto seans 18 na 25/05/30');
Insert into INF2NS_LASZCZW.LOG_OPERACJI (ID_LOG,NAZWA_TABELI,OPERACJA,UZYTKOWNIK,DATA_CZAS,OPIS) values ('69','REZERWACJA','DELETE','INF2NS_LASZCZW',to_date('25/05/20','RR/MM/DD'),'Seans przeniesiony do archiwum');
Insert into INF2NS_LASZCZW.LOG_OPERACJI (ID_LOG,NAZWA_TABELI,OPERACJA,UZYTKOWNIK,DATA_CZAS,OPIS) values ('70','REZERWACJA','INSERT','INF2NS_LASZCZW',to_date('25/05/20','RR/MM/DD'),'Usunięto seans 21');
Insert into INF2NS_LASZCZW.LOG_OPERACJI (ID_LOG,NAZWA_TABELI,OPERACJA,UZYTKOWNIK,DATA_CZAS,OPIS) values ('71','SEANS','INSERT','INF2NS_LASZCZW',to_date('25/05/20','RR/MM/DD'),'Dodano nowy seans filmu 4 na sali 3');
Insert into INF2NS_LASZCZW.LOG_OPERACJI (ID_LOG,NAZWA_TABELI,OPERACJA,UZYTKOWNIK,DATA_CZAS,OPIS) values ('34','REZERWACJA','DELETE','INF2NS_LASZCZW',to_date('25/05/20','RR/MM/DD'),'Rezerwacja przeniesiona do archiwum');
Insert into INF2NS_LASZCZW.LOG_OPERACJI (ID_LOG,NAZWA_TABELI,OPERACJA,UZYTKOWNIK,DATA_CZAS,OPIS) values ('37','SEANS','ERROR','INF2NS_LASZCZW',to_date('25/05/20','RR/MM/DD'),'ORA-00001: naruszono więzy unikatowe (INF2NS_LASZCZW.SYS_C00260289)');
Insert into INF2NS_LASZCZW.LOG_OPERACJI (ID_LOG,NAZWA_TABELI,OPERACJA,UZYTKOWNIK,DATA_CZAS,OPIS) values ('38','SEANS','ERROR','INF2NS_LASZCZW',to_date('25/05/20','RR/MM/DD'),'ORA-00001: naruszono więzy unikatowe (INF2NS_LASZCZW.SYS_C00260289)');
Insert into INF2NS_LASZCZW.LOG_OPERACJI (ID_LOG,NAZWA_TABELI,OPERACJA,UZYTKOWNIK,DATA_CZAS,OPIS) values ('31','REZERWACJA','INSERT','INF2NS_LASZCZW',to_date('25/05/20','RR/MM/DD'),'Dodano rezerwację dla 16osób na seans2');
REM INSERTING into INF2NS_LASZCZW.REZERWACJA
SET DEFINE OFF;
Insert into INF2NS_LASZCZW.REZERWACJA (ID_REZ,ID_SEANS,IMIE,NAZWISKO,EMAIL,LICZBA_MIEJSC,DATA_REZERWACJI) values ('25','2','Mariola','Kowalczyk','mariolka@wp.pl','10',to_date('25/05/20','RR/MM/DD'));
Insert into INF2NS_LASZCZW.REZERWACJA (ID_REZ,ID_SEANS,IMIE,NAZWISKO,EMAIL,LICZBA_MIEJSC,DATA_REZERWACJI) values ('1','3','Wojciech','Łaszcz','162865@student.uwm.edu.pl','50',to_date('25/05/19','RR/MM/DD'));
Insert into INF2NS_LASZCZW.REZERWACJA (ID_REZ,ID_SEANS,IMIE,NAZWISKO,EMAIL,LICZBA_MIEJSC,DATA_REZERWACJI) values ('23','2','WOJCIECH','ŁASZCZ','162865@student.uwm.edu.pl','15',to_date('25/05/20','RR/MM/DD'));
REM INSERTING into INF2NS_LASZCZW.SALA
SET DEFINE OFF;
Insert into INF2NS_LASZCZW.SALA (ID_SALA,ID_KINO,NAZWA,LICZBA_MIEJSC) values ('1','1','Sala Duża','150');
Insert into INF2NS_LASZCZW.SALA (ID_SALA,ID_KINO,NAZWA,LICZBA_MIEJSC) values ('2','1','Sala Średnia','100');
Insert into INF2NS_LASZCZW.SALA (ID_SALA,ID_KINO,NAZWA,LICZBA_MIEJSC) values ('3','1','Sala Mała','70');
Insert into INF2NS_LASZCZW.SALA (ID_SALA,ID_KINO,NAZWA,LICZBA_MIEJSC) values ('4','2','Sala VIP','50');
Insert into INF2NS_LASZCZW.SALA (ID_SALA,ID_KINO,NAZWA,LICZBA_MIEJSC) values ('5','2','Sala Standardowa','120');
Insert into INF2NS_LASZCZW.SALA (ID_SALA,ID_KINO,NAZWA,LICZBA_MIEJSC) values ('6','3','Sala Ekonomiczna','80');
Insert into INF2NS_LASZCZW.SALA (ID_SALA,ID_KINO,NAZWA,LICZBA_MIEJSC) values ('7','3','Sala Premium','60');
REM INSERTING into INF2NS_LASZCZW.SEANS
SET DEFINE OFF;
Insert into INF2NS_LASZCZW.SEANS (ID_SEANS,ID_FILM,ID_SALA,DATA_GODZINA,CENA_BILETU) values ('2','2','2',to_date('25/05/20','RR/MM/DD'),'20');
Insert into INF2NS_LASZCZW.SEANS (ID_SEANS,ID_FILM,ID_SALA,DATA_GODZINA,CENA_BILETU) values ('3','3','3',to_date('25/05/21','RR/MM/DD'),'28,5');
Insert into INF2NS_LASZCZW.SEANS (ID_SEANS,ID_FILM,ID_SALA,DATA_GODZINA,CENA_BILETU) values ('4','5','2',to_date('25/05/30','RR/MM/DD'),'21');
Insert into INF2NS_LASZCZW.SEANS (ID_SEANS,ID_FILM,ID_SALA,DATA_GODZINA,CENA_BILETU) values ('5','1','1',to_date('25/05/20','RR/MM/DD'),'25');
Insert into INF2NS_LASZCZW.SEANS (ID_SEANS,ID_FILM,ID_SALA,DATA_GODZINA,CENA_BILETU) values ('6','4','1',to_date('25/05/21','RR/MM/DD'),'22');
Insert into INF2NS_LASZCZW.SEANS (ID_SEANS,ID_FILM,ID_SALA,DATA_GODZINA,CENA_BILETU) values ('7','5','2',to_date('25/05/22','RR/MM/DD'),'30');
Insert into INF2NS_LASZCZW.SEANS (ID_SEANS,ID_FILM,ID_SALA,DATA_GODZINA,CENA_BILETU) values ('8','6','3',to_date('25/05/22','RR/MM/DD'),'18,5');
Insert into INF2NS_LASZCZW.SEANS (ID_SEANS,ID_FILM,ID_SALA,DATA_GODZINA,CENA_BILETU) values ('9','7','1',to_date('25/05/23','RR/MM/DD'),'27');
Insert into INF2NS_LASZCZW.SEANS (ID_SEANS,ID_FILM,ID_SALA,DATA_GODZINA,CENA_BILETU) values ('10','8','2',to_date('25/05/23','RR/MM/DD'),'20');
Insert into INF2NS_LASZCZW.SEANS (ID_SEANS,ID_FILM,ID_SALA,DATA_GODZINA,CENA_BILETU) values ('11','9','3',to_date('25/05/24','RR/MM/DD'),'30');
Insert into INF2NS_LASZCZW.SEANS (ID_SEANS,ID_FILM,ID_SALA,DATA_GODZINA,CENA_BILETU) values ('12','10','1',to_date('25/05/24','RR/MM/DD'),'21');
Insert into INF2NS_LASZCZW.SEANS (ID_SEANS,ID_FILM,ID_SALA,DATA_GODZINA,CENA_BILETU) values ('13','11','2',to_date('25/05/25','RR/MM/DD'),'28');
Insert into INF2NS_LASZCZW.SEANS (ID_SEANS,ID_FILM,ID_SALA,DATA_GODZINA,CENA_BILETU) values ('14','12','3',to_date('25/05/25','RR/MM/DD'),'19,5');
Insert into INF2NS_LASZCZW.SEANS (ID_SEANS,ID_FILM,ID_SALA,DATA_GODZINA,CENA_BILETU) values ('15','13','1',to_date('25/05/26','RR/MM/DD'),'26');
Insert into INF2NS_LASZCZW.SEANS (ID_SEANS,ID_FILM,ID_SALA,DATA_GODZINA,CENA_BILETU) values ('16','14','2',to_date('25/05/26','RR/MM/DD'),'20');
Insert into INF2NS_LASZCZW.SEANS (ID_SEANS,ID_FILM,ID_SALA,DATA_GODZINA,CENA_BILETU) values ('17','15','3',to_date('25/05/27','RR/MM/DD'),'19');
Insert into INF2NS_LASZCZW.SEANS (ID_SEANS,ID_FILM,ID_SALA,DATA_GODZINA,CENA_BILETU) values ('18','16','1',to_date('25/05/30','RR/MM/DD'),'23');
Insert into INF2NS_LASZCZW.SEANS (ID_SEANS,ID_FILM,ID_SALA,DATA_GODZINA,CENA_BILETU) values ('19','17','2',to_date('25/05/28','RR/MM/DD'),'24');
Insert into INF2NS_LASZCZW.SEANS (ID_SEANS,ID_FILM,ID_SALA,DATA_GODZINA,CENA_BILETU) values ('20','18','3',to_date('25/05/28','RR/MM/DD'),'21,5');
REM INSERTING into INF2NS_LASZCZW.ZESTAWIENIA_SEANSOW_MIESIECZNE
SET DEFINE OFF;
Insert into INF2NS_LASZCZW.ZESTAWIENIA_SEANSOW_MIESIECZNE (ROK,MIESIAC,LICZBA_SEANSOW,SREDNIA_CENA,ESTYMOWANY_ZYSK,FAKTYCZNY_ZYSK) values ('2025','5','19','23,2','1740','1925');
REM INSERTING into INF2NS_LASZCZW.ZESTAWIENIA_MIESIECZNE
SET DEFINE OFF;
Insert into INF2NS_LASZCZW.ZESTAWIENIA_MIESIECZNE (ROK,MIESIAC,LICZBA_BILETOW) values ('2025','5','75');
REM INSERTING into INF2NS_LASZCZW.TEMP_SEANSE
SET DEFINE OFF;
Insert into INF2NS_LASZCZW.TEMP_SEANSE (ID_SEANS,ID_FILM,ID_SALA,DATA_GODZINA,CENA_BILETU) values ('1','1','1',to_date('25/05/20','RR/MM/DD'),'25');
Insert into INF2NS_LASZCZW.TEMP_SEANSE (ID_SEANS,ID_FILM,ID_SALA,DATA_GODZINA,CENA_BILETU) values ('2','2','2',to_date('25/05/20','RR/MM/DD'),'20');
Insert into INF2NS_LASZCZW.TEMP_SEANSE (ID_SEANS,ID_FILM,ID_SALA,DATA_GODZINA,CENA_BILETU) values ('3','3','3',to_date('25/05/21','RR/MM/DD'),'28,5');
Insert into INF2NS_LASZCZW.TEMP_SEANSE (ID_SEANS,ID_FILM,ID_SALA,DATA_GODZINA,CENA_BILETU) values ('4','4','1',to_date('25/05/21','RR/MM/DD'),'22');
Insert into INF2NS_LASZCZW.TEMP_SEANSE (ID_SEANS,ID_FILM,ID_SALA,DATA_GODZINA,CENA_BILETU) values ('5','5','2',to_date('25/05/22','RR/MM/DD'),'30');
Insert into INF2NS_LASZCZW.TEMP_SEANSE (ID_SEANS,ID_FILM,ID_SALA,DATA_GODZINA,CENA_BILETU) values ('6','6','3',to_date('25/05/22','RR/MM/DD'),'18,5');
Insert into INF2NS_LASZCZW.TEMP_SEANSE (ID_SEANS,ID_FILM,ID_SALA,DATA_GODZINA,CENA_BILETU) values ('7','7','1',to_date('25/05/23','RR/MM/DD'),'27');
Insert into INF2NS_LASZCZW.TEMP_SEANSE (ID_SEANS,ID_FILM,ID_SALA,DATA_GODZINA,CENA_BILETU) values ('8','8','2',to_date('25/05/23','RR/MM/DD'),'20');
Insert into INF2NS_LASZCZW.TEMP_SEANSE (ID_SEANS,ID_FILM,ID_SALA,DATA_GODZINA,CENA_BILETU) values ('9','9','3',to_date('25/05/24','RR/MM/DD'),'30');
Insert into INF2NS_LASZCZW.TEMP_SEANSE (ID_SEANS,ID_FILM,ID_SALA,DATA_GODZINA,CENA_BILETU) values ('10','10','1',to_date('25/05/24','RR/MM/DD'),'21');
Insert into INF2NS_LASZCZW.TEMP_SEANSE (ID_SEANS,ID_FILM,ID_SALA,DATA_GODZINA,CENA_BILETU) values ('11','11','2',to_date('25/05/25','RR/MM/DD'),'28');
Insert into INF2NS_LASZCZW.TEMP_SEANSE (ID_SEANS,ID_FILM,ID_SALA,DATA_GODZINA,CENA_BILETU) values ('12','12','3',to_date('25/05/25','RR/MM/DD'),'19,5');
Insert into INF2NS_LASZCZW.TEMP_SEANSE (ID_SEANS,ID_FILM,ID_SALA,DATA_GODZINA,CENA_BILETU) values ('13','13','1',to_date('25/05/26','RR/MM/DD'),'26');
Insert into INF2NS_LASZCZW.TEMP_SEANSE (ID_SEANS,ID_FILM,ID_SALA,DATA_GODZINA,CENA_BILETU) values ('14','14','2',to_date('25/05/26','RR/MM/DD'),'20');
Insert into INF2NS_LASZCZW.TEMP_SEANSE (ID_SEANS,ID_FILM,ID_SALA,DATA_GODZINA,CENA_BILETU) values ('15','15','3',to_date('25/05/27','RR/MM/DD'),'19');
Insert into INF2NS_LASZCZW.TEMP_SEANSE (ID_SEANS,ID_FILM,ID_SALA,DATA_GODZINA,CENA_BILETU) values ('16','16','1',to_date('25/05/27','RR/MM/DD'),'23');
Insert into INF2NS_LASZCZW.TEMP_SEANSE (ID_SEANS,ID_FILM,ID_SALA,DATA_GODZINA,CENA_BILETU) values ('17','17','2',to_date('25/05/28','RR/MM/DD'),'24');
Insert into INF2NS_LASZCZW.TEMP_SEANSE (ID_SEANS,ID_FILM,ID_SALA,DATA_GODZINA,CENA_BILETU) values ('18','18','3',to_date('25/05/28','RR/MM/DD'),'21,5');
Insert into INF2NS_LASZCZW.TEMP_SEANSE (ID_SEANS,ID_FILM,ID_SALA,DATA_GODZINA,CENA_BILETU) values ('19','19','1',to_date('25/05/29','RR/MM/DD'),'20');
Insert into INF2NS_LASZCZW.TEMP_SEANSE (ID_SEANS,ID_FILM,ID_SALA,DATA_GODZINA,CENA_BILETU) values ('20','20','2',to_date('25/05/29','RR/MM/DD'),'27,5');
--------------------------------------------------------
--  DDL for Index SYS_C00260287
--------------------------------------------------------

  CREATE UNIQUE INDEX "INF2NS_LASZCZW"."SYS_C00260287" ON "INF2NS_LASZCZW"."FILM" ("ID_FILM") 
  PCTFREE 10 INITRANS 2 MAXTRANS 255 COMPUTE STATISTICS 
  STORAGE(INITIAL 65536 NEXT 1048576 MINEXTENTS 1 MAXEXTENTS 2147483645
  PCTINCREASE 0 FREELISTS 1 FREELIST GROUPS 1
  BUFFER_POOL DEFAULT FLASH_CACHE DEFAULT CELL_FLASH_CACHE DEFAULT)
  TABLESPACE "USERS" ;
--------------------------------------------------------
--  DDL for Index SYS_C00260282
--------------------------------------------------------

  CREATE UNIQUE INDEX "INF2NS_LASZCZW"."SYS_C00260282" ON "INF2NS_LASZCZW"."KINO" ("ID_KINO") 
  PCTFREE 10 INITRANS 2 MAXTRANS 255 COMPUTE STATISTICS 
  STORAGE(INITIAL 65536 NEXT 1048576 MINEXTENTS 1 MAXEXTENTS 2147483645
  PCTINCREASE 0 FREELISTS 1 FREELIST GROUPS 1
  BUFFER_POOL DEFAULT FLASH_CACHE DEFAULT CELL_FLASH_CACHE DEFAULT)
  TABLESPACE "USERS" ;
--------------------------------------------------------
--  DDL for Index SYS_C00260296
--------------------------------------------------------

  CREATE UNIQUE INDEX "INF2NS_LASZCZW"."SYS_C00260296" ON "INF2NS_LASZCZW"."LOG_OPERACJI" ("ID_LOG") 
  PCTFREE 10 INITRANS 2 MAXTRANS 255 COMPUTE STATISTICS 
  STORAGE(INITIAL 65536 NEXT 1048576 MINEXTENTS 1 MAXEXTENTS 2147483645
  PCTINCREASE 0 FREELISTS 1 FREELIST GROUPS 1
  BUFFER_POOL DEFAULT FLASH_CACHE DEFAULT CELL_FLASH_CACHE DEFAULT)
  TABLESPACE "USERS" ;
--------------------------------------------------------
--  DDL for Index SYS_C00260293
--------------------------------------------------------

  CREATE UNIQUE INDEX "INF2NS_LASZCZW"."SYS_C00260293" ON "INF2NS_LASZCZW"."REZERWACJA" ("ID_REZ") 
  PCTFREE 10 INITRANS 2 MAXTRANS 255 COMPUTE STATISTICS 
  STORAGE(INITIAL 65536 NEXT 1048576 MINEXTENTS 1 MAXEXTENTS 2147483645
  PCTINCREASE 0 FREELISTS 1 FREELIST GROUPS 1
  BUFFER_POOL DEFAULT FLASH_CACHE DEFAULT CELL_FLASH_CACHE DEFAULT)
  TABLESPACE "USERS" ;
--------------------------------------------------------
--  DDL for Index SYS_C00260284
--------------------------------------------------------

  CREATE UNIQUE INDEX "INF2NS_LASZCZW"."SYS_C00260284" ON "INF2NS_LASZCZW"."SALA" ("ID_SALA") 
  PCTFREE 10 INITRANS 2 MAXTRANS 255 COMPUTE STATISTICS 
  STORAGE(INITIAL 65536 NEXT 1048576 MINEXTENTS 1 MAXEXTENTS 2147483645
  PCTINCREASE 0 FREELISTS 1 FREELIST GROUPS 1
  BUFFER_POOL DEFAULT FLASH_CACHE DEFAULT CELL_FLASH_CACHE DEFAULT)
  TABLESPACE "USERS" ;
--------------------------------------------------------
--  DDL for Index SYS_C00260289
--------------------------------------------------------

  CREATE UNIQUE INDEX "INF2NS_LASZCZW"."SYS_C00260289" ON "INF2NS_LASZCZW"."SEANS" ("ID_SEANS") 
  PCTFREE 10 INITRANS 2 MAXTRANS 255 COMPUTE STATISTICS 
  STORAGE(INITIAL 65536 NEXT 1048576 MINEXTENTS 1 MAXEXTENTS 2147483645
  PCTINCREASE 0 FREELISTS 1 FREELIST GROUPS 1
  BUFFER_POOL DEFAULT FLASH_CACHE DEFAULT CELL_FLASH_CACHE DEFAULT)
  TABLESPACE "USERS" ;
--------------------------------------------------------
--  DDL for Trigger ARCHIWIZUJ_REZERWACJE
--------------------------------------------------------

  CREATE OR REPLACE EDITIONABLE TRIGGER "INF2NS_LASZCZW"."ARCHIWIZUJ_REZERWACJE" 
BEFORE DELETE ON REZERWACJA
FOR EACH ROW
BEGIN
    INSERT INTO ARCHIWUM_REZERWACJI (
        ID_REZ,
        ID_SEANS,
        IMIE,
        NAZWISKO,
        EMAIL,
        LICZBA_MIEJSC,
        DATA_REZERWACJI
    ) VALUES (
        :OLD.ID_REZ,
        :OLD.ID_SEANS,
        :OLD.IMIE,
        :OLD.NAZWISKO,
        :OLD.EMAIL,
        :OLD.LICZBA_MIEJSC,
        :OLD.DATA_REZERWACJI
    );

    INSERT INTO LOG_OPERACJI(NAZWA_TABELI, OPERACJA, UZYTKOWNIK, OPIS)
    VALUES ('REZERWACJA', 'DELETE', USER, 'Rezerwacja przeniesiona do archiwum');
END;
/
ALTER TRIGGER "INF2NS_LASZCZW"."ARCHIWIZUJ_REZERWACJE" ENABLE;
--------------------------------------------------------
--  DDL for Trigger ARCHIWIZUJ_SEANSE
--------------------------------------------------------

  CREATE OR REPLACE EDITIONABLE TRIGGER "INF2NS_LASZCZW"."ARCHIWIZUJ_SEANSE" 
BEFORE DELETE ON SEANS
FOR EACH ROW
BEGIN
    INSERT INTO ARCHIWUM_SEANSOW (
        ID_SEANS,
        ID_FILM,
        ID_SALA,
        DATA_GODZINA,
        CENA_BILETU
    ) VALUES (
        :OLD.ID_SEANS,
        :OLD.ID_FILM,
        :OLD.ID_SALA,
        :OLD.DATA_GODZINA,
        :OLD.CENA_BILETU
    );

    INSERT INTO LOG_OPERACJI(NAZWA_TABELI, OPERACJA, UZYTKOWNIK, OPIS)
    VALUES ('REZERWACJA', 'DELETE', USER, 'Seans przeniesiony do archiwum');
END;
/
ALTER TRIGGER "INF2NS_LASZCZW"."ARCHIWIZUJ_SEANSE" ENABLE;
--------------------------------------------------------
--  Constraints for Table ARCHIWUM_REZERWACJI
--------------------------------------------------------

  ALTER TABLE "INF2NS_LASZCZW"."ARCHIWUM_REZERWACJI" MODIFY ("ID_REZ" NOT NULL ENABLE);
--------------------------------------------------------
--  Constraints for Table ARCHIWUM_SEANSOW
--------------------------------------------------------

  ALTER TABLE "INF2NS_LASZCZW"."ARCHIWUM_SEANSOW" MODIFY ("ID_SEANS" NOT NULL ENABLE);
--------------------------------------------------------
--  Constraints for Table FILM
--------------------------------------------------------

  ALTER TABLE "INF2NS_LASZCZW"."FILM" MODIFY ("ID_FILM" NOT NULL ENABLE);
  ALTER TABLE "INF2NS_LASZCZW"."FILM" ADD PRIMARY KEY ("ID_FILM")
  USING INDEX PCTFREE 10 INITRANS 2 MAXTRANS 255 COMPUTE STATISTICS 
  STORAGE(INITIAL 65536 NEXT 1048576 MINEXTENTS 1 MAXEXTENTS 2147483645
  PCTINCREASE 0 FREELISTS 1 FREELIST GROUPS 1
  BUFFER_POOL DEFAULT FLASH_CACHE DEFAULT CELL_FLASH_CACHE DEFAULT)
  TABLESPACE "USERS"  ENABLE;
--------------------------------------------------------
--  Constraints for Table KINO
--------------------------------------------------------

  ALTER TABLE "INF2NS_LASZCZW"."KINO" MODIFY ("ID_KINO" NOT NULL ENABLE);
  ALTER TABLE "INF2NS_LASZCZW"."KINO" ADD PRIMARY KEY ("ID_KINO")
  USING INDEX PCTFREE 10 INITRANS 2 MAXTRANS 255 COMPUTE STATISTICS 
  STORAGE(INITIAL 65536 NEXT 1048576 MINEXTENTS 1 MAXEXTENTS 2147483645
  PCTINCREASE 0 FREELISTS 1 FREELIST GROUPS 1
  BUFFER_POOL DEFAULT FLASH_CACHE DEFAULT CELL_FLASH_CACHE DEFAULT)
  TABLESPACE "USERS"  ENABLE;
--------------------------------------------------------
--  Constraints for Table LOG_OPERACJI
--------------------------------------------------------

  ALTER TABLE "INF2NS_LASZCZW"."LOG_OPERACJI" MODIFY ("ID_LOG" NOT NULL ENABLE);
  ALTER TABLE "INF2NS_LASZCZW"."LOG_OPERACJI" ADD PRIMARY KEY ("ID_LOG")
  USING INDEX PCTFREE 10 INITRANS 2 MAXTRANS 255 COMPUTE STATISTICS 
  STORAGE(INITIAL 65536 NEXT 1048576 MINEXTENTS 1 MAXEXTENTS 2147483645
  PCTINCREASE 0 FREELISTS 1 FREELIST GROUPS 1
  BUFFER_POOL DEFAULT FLASH_CACHE DEFAULT CELL_FLASH_CACHE DEFAULT)
  TABLESPACE "USERS"  ENABLE;
--------------------------------------------------------
--  Constraints for Table REZERWACJA
--------------------------------------------------------

  ALTER TABLE "INF2NS_LASZCZW"."REZERWACJA" MODIFY ("ID_REZ" NOT NULL ENABLE);
  ALTER TABLE "INF2NS_LASZCZW"."REZERWACJA" ADD PRIMARY KEY ("ID_REZ")
  USING INDEX PCTFREE 10 INITRANS 2 MAXTRANS 255 COMPUTE STATISTICS 
  STORAGE(INITIAL 65536 NEXT 1048576 MINEXTENTS 1 MAXEXTENTS 2147483645
  PCTINCREASE 0 FREELISTS 1 FREELIST GROUPS 1
  BUFFER_POOL DEFAULT FLASH_CACHE DEFAULT CELL_FLASH_CACHE DEFAULT)
  TABLESPACE "USERS"  ENABLE;
--------------------------------------------------------
--  Constraints for Table SALA
--------------------------------------------------------

  ALTER TABLE "INF2NS_LASZCZW"."SALA" MODIFY ("ID_SALA" NOT NULL ENABLE);
  ALTER TABLE "INF2NS_LASZCZW"."SALA" ADD PRIMARY KEY ("ID_SALA")
  USING INDEX PCTFREE 10 INITRANS 2 MAXTRANS 255 COMPUTE STATISTICS 
  STORAGE(INITIAL 65536 NEXT 1048576 MINEXTENTS 1 MAXEXTENTS 2147483645
  PCTINCREASE 0 FREELISTS 1 FREELIST GROUPS 1
  BUFFER_POOL DEFAULT FLASH_CACHE DEFAULT CELL_FLASH_CACHE DEFAULT)
  TABLESPACE "USERS"  ENABLE;
--------------------------------------------------------
--  Constraints for Table SEANS
--------------------------------------------------------

  ALTER TABLE "INF2NS_LASZCZW"."SEANS" MODIFY ("ID_SEANS" NOT NULL ENABLE);
  ALTER TABLE "INF2NS_LASZCZW"."SEANS" ADD PRIMARY KEY ("ID_SEANS")
  USING INDEX PCTFREE 10 INITRANS 2 MAXTRANS 255 COMPUTE STATISTICS 
  STORAGE(INITIAL 65536 NEXT 1048576 MINEXTENTS 1 MAXEXTENTS 2147483645
  PCTINCREASE 0 FREELISTS 1 FREELIST GROUPS 1
  BUFFER_POOL DEFAULT FLASH_CACHE DEFAULT CELL_FLASH_CACHE DEFAULT)
  TABLESPACE "USERS"  ENABLE;
--------------------------------------------------------
--  Constraints for Table TEMP_SEANSE
--------------------------------------------------------

  ALTER TABLE "INF2NS_LASZCZW"."TEMP_SEANSE" MODIFY ("ID_SEANS" NOT NULL ENABLE);
--------------------------------------------------------
--  Ref Constraints for Table REZERWACJA
--------------------------------------------------------

  ALTER TABLE "INF2NS_LASZCZW"."REZERWACJA" ADD FOREIGN KEY ("ID_SEANS")
	  REFERENCES "INF2NS_LASZCZW"."SEANS" ("ID_SEANS") ENABLE;
--------------------------------------------------------
--  Ref Constraints for Table SALA
--------------------------------------------------------

  ALTER TABLE "INF2NS_LASZCZW"."SALA" ADD FOREIGN KEY ("ID_KINO")
	  REFERENCES "INF2NS_LASZCZW"."KINO" ("ID_KINO") ENABLE;
--------------------------------------------------------
--  Ref Constraints for Table SEANS
--------------------------------------------------------

  ALTER TABLE "INF2NS_LASZCZW"."SEANS" ADD FOREIGN KEY ("ID_FILM")
	  REFERENCES "INF2NS_LASZCZW"."FILM" ("ID_FILM") ENABLE;
  ALTER TABLE "INF2NS_LASZCZW"."SEANS" ADD FOREIGN KEY ("ID_SALA")
	  REFERENCES "INF2NS_LASZCZW"."SALA" ("ID_SALA") ENABLE;
